PDB,VINA,GlideSP,GlideXP,DSX,RFScore,HPS,HMS,HSS,XAvg ,MMGbsa,Experimental
1ajp,5.29522,-7.11,-3.63,16.823,-6.91732971974,-6.9353863,-6.659076089,-6.493289962,-6.700522621,-25.5148007,-3.08
1ajq,-4.68158,-7.24,-5.01,-54.421,-8.56501377149,-6.852493237,-6.92157079,-6.68670711,-6.811046705,-40.15415915,-5.95
2g5u,-3.43418,-4.39,-2.05,-35.907,-6.05221845711,-6.424212409,-8.551801035,-6.562367515,-7.18406549,-40.29975888,-11.73
1ndy,-7.30306,-8.68,-8.81,-88.17,-10.2819028894,-8.67614063,-9.270207584,-7.985365103,-8.648509609,-80.43560976,-8.52
1ha2,-8.46775,-7.04,-7.43,-92.217,-10.458642621,-9.076790437,-10.05769169,-8.67614063,-9.270207584,-63.60800574,-7.65
1ndz,-7.57735,-9.15,-9.74,-136.239,-10.1931633611,-9.836643517,-10.32018639,-9.546517796,-9.90572107,-87.77683838,-11.2
1ndw,-6.56669,-7.62,-7.79,-72.674,-8.98591544847,-7.999180613,-8.109704698,-7.266958553,-7.791947955,-62.34821358,-7.23
2f80,-8.4108,-9.6,-10.05,-185.951,-12.5487068566,-10.11295373,-11.05240845,-9.89190556,-10.34781741,-127.7532978,-11.3
1e66,-11.69349,-7.24,-6.19,-110.384,-9.31105901295,-9.988614133,-9.767565964,-9.933352091,-9.89190556,-62.33803581,-13.66
1sl3,-10.58635,-11.14,-11.33,-191.641,-10.7220434477,-9.670857391,-9.795196986,-9.753750454,-9.739934943,-92.92519377,-16.37
2f01,-7.72608,-13.62,-15.79,-106.598,-9.2976612375,-8.095889187,-8.386014909,-7.833394486,-8.109704698,-91.30001562,-17.96
4tln,-1.98811,-5.03,-4.8,-46.65,-7.29998804757,-6.230795262,-6.755784663,-6.548552004,-6.507105473,-16.98836356,-5.14
1d7j,-2.80113,-3.22,-4.15,-30.466,-5.92410377189,-5.968300561,-5.816329945,-5.899223008,-5.899223008,-33.64845968,-4.56
1zoe,-6.62815,-5.42,-4.87,-59.343,-8.68178656905,-7.501822233,-8.828111247,-7.874841018,-8.068258166,-84.27763545,-10.22
1sv3,-4.00034,-4.4,-2.85,-49.457,-6.60047107219,-6.548552004,-6.976832832,-6.396581388,-6.645260578,-5.861964594,-6.55
6rnt,-5.41694,-6.51,-5.59,-77.386,-7.20598478446,-6.589998536,-6.824862216,-6.382765878,-6.603814047,-43.2009358,-3.27
2i0d,-8.41223,-9.73,-8.89,-188.298,-14.3272499635,-10.19584679,-11.19056355,-10.09913822,-10.49978802,-114.2042488,-16.72
2aov,-8.22352,-8.06,-7.53,-60.236,-8.4241092054,-8.192597761,-9.118236968,-8.275490824,-8.524170014,-52.68816634,-9.73
2aou,-8.4414,-7.52,-4.89,-115.653,-9.82056135839,-9.767565964,-10.63794313,-9.712303922,-10.04387618,-35.96496251,-10.68
4tim,-3.66255,-7.76,-7.65,-45.413,-5.71409671529,-6.562367515,-7.004463853,-6.479474452,-6.68670711,-12.49197095,-2.98
1g7q,-7.2175,-10.27,-13.27,-151.889,-7.99698504437,-9.574148817,-10.12676924,-9.89190556,-9.864274538,-90.73764456,-8.37
2er9,-8.25264,-14.27,-13.26,-258.329,-10.3861462274,-10.52741905,-12.11620276,-11.06622396,-11.23201008,-127.2308915,-10.22
1u2y,-3.91046,-3.92,-4.45,-19.682,-6.79139230194,-5.95448505,-6.18934873,-5.802514434,-5.982116072,-21.94553681,-2.4
2j78,-5.50192,-7.33,-9.18,-76.495,-7.15818915905,-7.142618958,-7.709054891,-7.128803448,-7.336036106,-44.97924847,-8.87
1slg,-4.89573,-7.87,-7.18,-110.433,-9.15700042982,-7.529453254,-8.275490824,-6.893939768,-7.570899786,-70.15724492,-5.39
1ai5,-5.55253,-7.14,-5,-57.129,-7.56250755104,-7.377482638,-7.626161828,-7.018279363,-7.336036106,-34.47394423,-5.14
2g8r,-4.45694,-4.05,-2.42,-71.366,-6.73045459807,-6.783415684,-6.838677726,-6.603814047,-6.741969152,-11.14622725,-5.51
1b9j,-7.8631,-10.3,-13.74,-182.84,-9.90064300801,-9.532702285,-10.09913822,-9.546517796,-9.726119433,-20.61401092,-8.23
1a1b,-5.03929,-7.75,-11.1,-112.137,-8.13966248088,-7.239327532,-8.192597761,-7.142618958,-7.529453254,-77.20919759,-8.84
8cpa,-5.5698,-5.46,-4.22,-113.81,-8.66464916199,-8.91100431,-10.27873986,-8.938635331,-9.380731669,-12.82351857,-12.64
1a69,-8.07442,-7.04,-6.98,-92.255,-7.49255831912,-7.474191212,-7.778132444,-7.336036106,-7.529453254,-58.21857376,-7.32
2qwb,-6.00758,-6.99,-5.61,-63.867,-6.78719544218,-7.114987937,-7.460375701,-7.336036106,-7.308405085,-12.76526224,-3.79
2b7d,-8.36487,-8.95,-11.54,-155.265,-10.9205256711,-9.339285137,-9.477440243,-9.201130032,-9.339285137,-21.72944193,-12.02
1tmn,-6.92576,-4.67,-6.33,-134.26,-10.0657967857,-8.897188799,-10.3340019,-8.786664715,-9.339285137,-40.05763957,-10.09
2brm,-7.43501,-8.3,-8.68,-107.618,-9.62586034886,-8.42746144,-9.394547179,-8.275490824,-8.703771652,-60.66701521,-8.14
3pcj,-4.70957,-6.47,-7.03,-44.147,-7.56822691935,-6.9353863,-7.336036106,-6.68670711,-6.990648342,-28.34656452,-9.97
2qwd,-5.29954,-6.64,-6.08,-67.385,-6.48608696366,-6.9353863,-7.18406549,-7.087356916,-7.073541406,3.065158057,-6.7
2qwe,-6.39502,-5.85,-8.3,-88.86,-8.21619838735,-7.280774064,-7.515637744,-7.225512022,-7.336036106,9.676363372,-10.33
1ttm,-4.53335,-6.28,-4.36,-63.276,-8.79869941209,-7.598530807,-8.42746144,-7.377482638,-7.805763465,-59.13947959,-10.15
2brb,-7.53356,-6.47,-6.97,-107.916,-9.46270528518,-8.620878588,-9.795196986,-8.303121845,-8.91100431,-62.55118815,-6.71
1hfs,-9.91634,-12.42,-12.18,-276.81,-10.8615242189,-12.39251297,-13.93985015,-12.00567867,-12.77934727,-102.2001702,-12.02
2fai,-8.01532,-9.34,-10.06,-115.225,-11.8747439718,-9.297838606,-9.449809222,-8.772849204,-9.17349901,-96.2619369,-8.62
1nny,-9.36362,-9.68,-8.33,-191.278,-9.41983919672,-10.74846721,-11.82607704,-10.81754477,-11.13530151,-86.38355022,-10.58
1hi4,-4.53015,-7.95,-7.44,-69.754,-7.80220934841,-7.336036106,-7.653792849,-7.156434469,-7.377482638,-54.83237663,-6.2
1df8,-7.12198,-10.56,-10.58,-99.249,-9.03561047531,-7.971549592,-8.17878225,-7.68142387,-7.943918571,-80.1226922,-13.4
1s39,-7.39535,-9.45,-9.05,-77.254,-7.03260732478,-7.612346317,-8.330752866,-7.543268765,-7.833394486,-47.19814439,-10.64
1nc1,-3.37089,-9.94,-10.07,-110.417,-9.39595267736,-8.800480225,-8.786664715,-8.551801035,-8.717587162,-83.04592203,-8.46
1loq,-7.18987,-9.81,-11.98,-90.933,-6.91668728529,-7.847209997,-8.579432057,-7.874841018,-8.095889187,-47.97949474,-5.11
2d3z,-8.26059,-8.49,-7.85,-104.437,-9.38033480187,-8.759033694,-9.297838606,-8.42746144,-8.828111247,-84.63800144,-9.17
1mq6,-9.29653,-8.41,-8.13,-175.073,-10.1650542555,-9.739934943,-10.3340019,-10.04387618,-10.04387618,-106.693582,-15.4
1u1b,-7.36387,-8.37,-7.82,-155.361,-8.46291394406,-8.386014909,-8.510354504,-8.026811634,-8.303121845,-48.32795504,-10.78
2d3u,-8.41725,-8.2,-7.9,-108.08,-9.50916019449,-9.062974926,-9.643226369,-8.455092461,-9.049159415,-82.45728929,-9.56
1g7f,-6.72136,-7.44,-7.79,-140.983,-8.18965715847,-8.565616546,-8.92481982,-8.386014909,-8.634694099,-81.25639234,-7.56
1fki,-11.21967,-7.79,-8.24,-112.172,-8.81725876246,-9.228761053,-10.62412762,-9.090605947,-9.643226369,-90.68852755,-9.67
1ftm,-7.7056,-6.85,-6.26,-87.188,-8.55442071959,-7.764316934,-8.123520208,-7.736685912,-7.874841018,-72.92873949,-10.51
1flr,-12.46032,-9.31,-9.88,-127.95,-9.44928368329,-10.19584679,-11.02477743,-9.739934943,-10.32018639,-63.28237436,-13.82
1u33,-6.41301,-6.77,-10.89,-133.682,-7.60746454099,-8.717587162,-8.993897373,-8.441276951,-8.717587162,-52.85567322,-6.36
2d1o,-6.78985,-9.21,-13.27,-172.249,-10.3026433528,-9.435993711,-10.44452598,-8.952450842,-9.615595348,-110.3280397,-10.64
1uwt,-5.91065,-5.98,-8.2,-79.308,-7.06375468397,-6.728153642,-7.073541406,-6.617629557,-6.811046705,-30.52141456,-8.25
1b7h,-7.40084,-10.26,-13.11,-177.528,-9.84019116058,-9.546517796,-9.836643517,-9.463624732,-9.615595348,-37.43377165,-11.08
1apw,-7.84533,-9.81,-10.75,-164.91,-10.3564770139,-8.607063078,-10.30637088,-9.256392074,-9.394547179,-113.7500593,-11.05
1fd0,-15.3954,-14.82,-18.77,-173.947,-11.2441967455,-13.45630728,-14.18852934,-11.79844602,-13.15236605,-140.4499233,-11.61
1o3p,-7.25467,-6.06,-10.23,-102.698,-8.75275594543,-8.220228782,-8.593247567,-8.717587162,-8.510354504,-11.02857387,-9.2
1gpk,-10.13177,-9.01,-7.61,-103.619,-8.92080106511,-8.551801035,-8.468907972,-8.869557778,-8.634694099,-52.36034533,-7.42
1dhi,-7.62755,-8.19,-8.36,-113.06,-9.62721676784,-8.593247567,-8.993897373,-8.040627145,-8.551801035,-80.73191307,-10.03
4tmn,-8.07321,-5.1,-6.82,-158.886,-8.43891496925,-9.684672901,-10.81754477,-9.850459028,-10.11295373,-19.58931604,-14.05
1rnt,-5.81815,-10.25,-12.29,-94.993,-7.83593852407,-7.391298149,-7.847209997,-7.294589575,-7.515637744,-45.54582347,-7.17
1zvx,-8.11369,-7.27,-4.86,-146.357,-9.27568313175,-9.17349901,-9.726119433,-9.187314521,-9.366916158,-39.13655911,-12.74
1bma,-4.88166,-6.95,-6.71,-158.232,-10.8029451375,-9.505071264,-10.26492434,-9.560333306,-9.781381475,-69.44981582,-6.34
1o0h,-6.58359,-7.52,-7.3,-98.83,-6.88438432652,-7.322220596,-7.695239381,-7.142618958,-7.377482638,-52.219517,-8.18
2fdp,-10.49827,-14.05,-15.46,-222.989,-10.9855199822,-11.39779621,-12.47540603,-11.57739785,-11.81226153,-146.178202,-10.49
1b8o,-9.54712,-10.17,-13.25,-103.134,-9.66743830755,-8.275490824,-8.855742268,-8.137335719,-8.41364593,-95.1373956,-14.7
1if7,-4.54487,-5.17,-4.99,-88.688,-9.74630691999,-7.612346317,-8.993897373,-7.501822233,-8.040627145,-62.32460828,-14.53
2flb,-6.86009,-7.31,-7.7,-111.915,-9.43920701915,-8.510354504,-9.104421458,-8.883373289,-8.828111247,-0.027434454,-7.93
1re8,-12.24898,-12.33,-13.25,-179.353,-9.41946309318,-11.3839807,-11.71555295,-11.27345662,-11.45305825,-125.0433899,-13.15
1vfn,-4.56941,-7.62,-6.45,-53.441,-6.37099991316,-6.465658941,-6.838677726,-6.396581388,-6.562367515,-33.85993107,-7.74
2b1v,-7.73525,-9.35,-10.08,-112.373,-11.5629882262,-9.187314521,-9.104421458,-8.41364593,-8.897188799,-94.01755365,-7.93
1olu,-6.5358,-7.39,-7.3,-81.035,-7.03547764562,-7.294589575,-7.791947955,-7.322220596,-7.460375701,-71.84867115,-6.09
2h3e,-6.83389,-7.47,-10.26,-99.196,-7.20426651182,-7.446560191,-7.999180613,-7.488006722,-7.639977339,-43.55716294,-7.87
2rkm,-6.51324,-6.78,-10.98,-101.21,-9.25325806848,-7.253143043,-6.949201811,-7.045910385,-7.087356916,-55.40287907,-5.39
1om1,-9.30741,-10.33,-9.71,-100.543,-9.88174895304,-9.546517796,-9.726119433,-8.607063078,-9.284023095,-62.54606925,-9.35
1d09,-7.10031,-8.16,-11.79,-97.843,-7.69319167016,-6.6728916,-6.976832832,-6.645260578,-6.769600173,-46.97152356,-10.46
1q7a,-5.43721,-3.49,-2.76,-88.006,-8.39206067226,-8.303121845,-9.40836269,-8.41364593,-8.703771652,-37.31418521,-9.93
1elb,-4.73604,-3.85,-5.81,-93.506,-10.1930681738,-8.026811634,-9.311654116,-8.026811634,-8.455092461,-34.81332842,-9.88
1ela,-6.70771,-7,-6.65,-135.137,-9.19330875226,-8.689956141,-9.560333306,-8.565616546,-8.938635331,-76.93063563,-8.79
1x1z,-7.22886,-9.75,-11.94,-89.978,-6.70386161484,-7.93010306,-8.689956141,-7.957734081,-8.192597761,-47.91026644,-15.28
1sqa,-8.18727,-8.87,-9.31,-133.763,-10.5273493102,-8.980081863,-8.869557778,-9.353100648,-9.062974926,-44.15908701,-12.72
2cer,-7.4965,-8.7,-11.52,-110.931,-9.45702312156,-8.42746144,-9.297838606,-8.648509609,-8.786664715,-68.41843991,-12.74
1k9s,-8.52852,-8.99,-8.52,-108.119,-7.05333703741,-7.888656529,-8.261675314,-7.764316934,-7.971549592,-55.45477221,-9.01
2ceq,-5.07291,-7.36,-10.91,-75.429,-7.44022476898,-7.156434469,-7.598530807,-7.087356916,-7.280774064,-57.68031468,-10.06
2cet,-7.3568,-8.22,-11.69,-112.952,-9.86866607744,-8.524170014,-9.380731669,-8.565616546,-8.828111247,-32.18641522,-11.08
5er1,-6.00129,-6.15,-6.68,-151.626,-9.80819620881,-8.054442655,-9.187314521,-8.455092461,-8.565616546,-94.77228621,-8.32
1ppm,-8.57732,-11.2,-8.24,-167.722,-8.71877699129,-9.284023095,-11.05240845,-9.145867989,-9.822828007,-109.0718596,-8.01
2usn,-6.16916,-6.35,-6.03,-109.912,-9.73357105868,-8.316937356,-9.587964327,-7.999180613,-8.634694099,-64.15053253,-8.99
1kv5,-4.21476,-7.64,-6.07,-51.351,-5.51360638017,-6.313688325,-6.769600173,-6.230795262,-6.43802792,-26.99688946,-5.83
1y6q,-8.86552,-12.16,-12.74,-118.193,-10.2394739629,-8.841926757,-8.800480225,-8.42746144,-8.689956141,-116.856539,-16.16
1jqd,-7.10038,-9.39,-11.12,-149.025,-8.48337738133,-8.109704698,-8.386014909,-7.971549592,-8.16496674,-75.56756936,-7.13
1kv1,-8.92924,-8.58,-8.48,-122.114,-10.0631726282,-9.270207584,-10.32018639,-9.574148817,-9.726119433,-91.17724609,-8.21
1hk4,-4.64108,-5.17,-5.11,-53.56,-7.15228076999,-7.68142387,-9.643226369,-8.579432057,-8.634694099,-63.52863473,-7.34
1pr5,-7.63537,-7.13,-5.47,-93.493,-7.2557387761,-7.750501423,-7.888656529,-7.598530807,-7.750501423,-30.42286212,-5.42
2bok,-8.55429,-11.11,-15.56,-156.886,-9.76060139633,-8.814295736,-8.648509609,-8.92481982,-8.786664715,-94.08569807,-9.05
1o3f,-7.62625,-7.85,-8.81,-118.153,-7.82156501966,-8.593247567,-8.759033694,-8.938635331,-8.759033694,-13.86449349,-11
1gni,-6.17972,-3.78,-8.7,-105.482,-8.99750925537,-8.897188799,-8.607063078,-7.888656529,-8.455092461,-94.15815556,-11.15
1ydt,-8.34381,-9.44,-11.04,-124.85,-10.900755587,-9.228761053,-9.491255753,-9.007712884,-9.242576563,-89.42937046,-10.11
1fzk,-9.55661,-13.63,-12.73,-214.075,-7.93377841273,-11.97804765,-12.79316278,-12.11620276,-12.2958044,-146.5597121,-11.61
1jys,-4.14936,-5.97,-5.36,-47.634,-7.06773861015,-6.313688325,-6.589998536,-6.203164241,-6.368950367,-24.11913399,-4.86
2drc,-0.34753,-10.04,-10.25,-124.074,-9.48104674731,-8.565616546,-8.966266352,-8.026811634,-8.524170014,-93.9833583,-13.66
1y1m,-5.98642,-7.17,-8.38,-71.848,-7.29548501855,-7.239327532,-7.833394486,-7.41892917,-7.488006722,-44.93294044,-2.51
1bra,-4.70416,-7.13,-6.43,-61.661,-6.42450102373,-6.783415684,-6.755784663,-7.073541406,-6.880124258,-32.86720125,-2.51
1fcx,-15.08813,-14.25,-14.91,-175.251,-12.0593170437,-13.23525911,-13.82932607,-11.46687376,-12.83460931,-144.4012133,-9.93
1fcz,-14.13091,-14.73,-17.45,-163.76,-11.4378516297,-12.9589489,-13.30433667,-11.39779621,-12.5582991,-145.0302096,-12.74
2g94,-7.92131,-14.3,-14.32,-237.293,-10.2405974563,-10.88662232,-11.88133908,-11.81226153,-11.53595132,-169.2975849,-13.15
1f5k,-5.20541,-8.68,-8.62,-71.028,-6.3076646966,-6.811046705,-6.92157079,-7.17024998,-6.963017321,-42.50740478,-5.17
2hdq,-3.998,-5.91,-4.49,-36.327,-6.38249413087,-6.272241793,-6.728153642,-6.203164241,-6.396581388,-31.0146347,-1.93
1pxo,-5.11201,-8,-8.51,-63.132,-6.53503812957,-7.101172427,-7.336036106,-7.114987937,-7.18406549,-52.63853169,-12.02
10gs,-6.6313,-7.61,-7.46,-118.337,-9.44132495181,-8.496538993,-9.781381475,-8.123520208,-8.800480225,-77.92662511,-8.84
1e5a,-2.3052,-2.42,-0.47,-16.697,-4.84572049631,-5.636728308,-7.294589575,-6.065009135,-6.327503836,-23.98536731,-10.56
1bcu,-6.6084,-5.54,-3.9,-78.328,-7.06318944362,-7.308405085,-7.142618958,-7.66760836,-7.363667127,21.84408308,-4.53
2ayr,-10.46512,-12,-13.45,-182.563,-10.6070811608,-12.13001827,-12.77934727,-10.81754477,-11.9089701,-129.227251,-12.83
3pch,-3.6636,-7.63,-6.15,-45.441,-6.713572233,-7.266958553,-7.999180613,-7.239327532,-7.501822233,-38.27287732,-7.46
1utp,-3.39539,-5.45,-5.18,-54.071,-6.45775131498,-6.355134857,-6.134086688,-6.534736494,-6.341319346,-18.59023099,-1.99
1v16,-6.65766,-6.11,-7.41,-81.227,-7.54052185739,-7.529453254,-7.999180613,-7.653792849,-7.722870402,-44.08823696,-5.35
3pce,-3.44931,-5.19,-5.94,-44.891,-5.82867294776,-7.128803448,-7.101172427,-6.949201811,-7.059725895,-24.43819125,-2.76
1q8t,-6.37514,-7.23,-7.32,-84.051,-9.4744724389,-7.91628755,-8.16496674,-8.137335719,-8.082073676,-60.34009304,-6.58
1jaq,-5.52731,-7.43,-9.43,-97.628,-7.63849840154,-7.266958553,-8.16496674,-7.239327532,-7.557084275,-56.17643909,-6.19
1zs0,-7.84247,-7.42,-7.26,-140.379,-9.27177859215,-9.076790437,-9.1596835,-8.966266352,-9.062974926,-35.97305855,-8.5
1m2q,-8.53282,-6.94,-6.84,-67.483,-8.24202128027,-8.537985525,-8.91100431,-8.137335719,-8.524170014,-59.3196654,-8.43
1p1q,-7.49651,-6.61,-6.53,-78.41,-9.3779435402,-7.709054891,-7.971549592,-7.736685912,-7.805763465,-68.92731237,-6.76
1det,-5.68204,-7.84,-10.57,-76.375,-7.68774372534,-6.907755279,-7.280774064,-6.769600173,-6.990648342,-41.84806267,-5.94
2std,-9.16379,-7.5,-9.24,-93.161,-9.44438985737,-9.284023095,-10.23729332,-9.339285137,-9.615595348,-102.9466488,-13.61
1nja,-5.84104,-6.4,-6.24,-67.291,-7.05343686502,-6.880124258,-7.239327532,-6.797231195,-6.963017321,-41.75033637,-8.72
1jq9,-2.02908,-6.97,-5.45,-108.891,-8.95300739587,-9.187314521,-9.90572107,-8.828111247,-9.311654116,-23.35729663,-11.67
1nje,-5.98597,-6.34,-8.12,-66.628,-7.10168833145,-6.838677726,-7.197881001,-6.68670711,-6.907755279,-36.57059487,-5.25
1tsy,-5.95354,-7.49,-9.06,-76.896,-6.88458050974,-7.032094874,-7.501822233,-6.990648342,-7.17024998,-51.36123093,-6.85
1fkb,-10.5304,-9.27,-11.36,-164.526,-8.17797108348,-10.23729332,-13.24907463,-10.15440026,-11.21819457,-120.4182382,-13.4
1v2o,-5.40952,-8.24,-9.23,-96.841,-7.80774684626,-7.280774064,-8.026811634,-7.18406549,-7.501822233,-62.78092899,-6.53
4er2,-6.3529,-10.28,-5.51,-189.821,-10.3662873907,-8.565616546,-10.44452598,-8.91100431,-9.311654116,-141.6793562,-12.85
1fzj,-9.06284,-15.03,-16.47,-216.708,-7.67943165619,-11.83989255,-12.98657992,-11.17674804,-12.00567867,-162.6530789,-11.19
3gss,-6.03621,-8.53,-8.08,-118.922,-8.80291748848,-8.344568377,-9.17349901,-7.91628755,-8.482723483,-92.22004535,-8.04
1e1v,-5.24185,-7.02,-7.43,-100.95,-8.36718390728,-7.639977339,-7.584715296,-7.861025507,-7.695239381,-44.09215807,-6.8
2bzz,-6.55559,-8.89,-10.72,-128.15,-9.10557597386,-7.985365103,-7.833394486,-7.377482638,-7.722870402,-73.55300492,-8.88
1nfy,-8.26138,-8.47,-7.97,-142.174,-11.2566053766,-9.532702285,-9.850459028,-9.270207584,-9.560333306,-65.15796537,-12.28
1j16,-5.50114,-7.45,-8.06,-70.889,-6.29964347696,-6.976832832,-6.949201811,-7.239327532,-7.059725895,-42.83104959,-5.31
2cgr,-9.40272,-7.2,-7.13,-119.14,-9.53175908035,-8.869557778,-9.518886774,-8.91100431,-9.104421458,-87.82037245,-10.06
1is0,-5.39847,-8.84,-8.99,-122.585,-8.34325015801,-8.054442655,-8.330752866,-8.054442655,-8.151151229,-79.14398683,-9.67
2fzc,-3.89524,-3.87,-4.81,-42.131,-7.61005799641,-6.327503836,-6.479474452,-6.023562603,-6.272241793,-41.11603396,-3.73
2bak,-10.19146,-11.97,-12.99,-205.958,-9.10537321351,-11.49450478,-11.92278561,-11.17674804,-11.53595132,-129.6001934,-10.26
1xd1,-7.78886,-9.05,-16.59,-222.442,-8.0016296848,-10.29255537,-10.52741905,-9.753750454,-10.19584679,-105.243464,-10.94
1a30,-5.91256,-8.73,-10.66,-106.796,-8.51726143663,-7.584715296,-7.819578976,-7.474191212,-7.626161828,-66.12503034,-5.94
1xgj,-5.87791,-7.07,-6.33,-70.439,-8.12111988872,-7.308405085,-7.819578976,-7.322220596,-7.474191212,-40.03904359,-8.29
1b39,-7.01859,-7.41,-12.12,-111.439,-7.55700019543,-8.358383888,-8.745218183,-8.137335719,-8.41364593,-45.44188359,-9.56
1pb9,-4.85584,-5.97,-4.73,-53.008,-7.57423540263,-6.548552004,-7.087356916,-6.534736494,-6.728153642,-40.67047963,-5
1bxo,-11.52041,-13.64,-11.17,-175.36,-9.24459019165,-10.01624515,-11.66029091,-10.37544843,-10.69320517,-136.7657816,-13.82
2azr,-6.56402,-9.83,-10.77,-78.593,-6.87041293505,-7.529453254,-7.874841018,-7.211696511,-7.543268765,-62.1574999,-5.03
1j17,-9.68114,-7.48,-7,-159.97,-8.55497208978,-9.698488412,-9.726119433,-9.670857391,-9.698488412,-47.58672134,-7.21
1zc9,-3.56322,-5.25,-5.47,-59.221,-6.59936026601,-6.714338131,-6.603814047,-6.68670711,-6.6728916,-28.2286697,-4.45
1nvq,-12.62328,-11.17,-12.03,-172.801,-9.54649991778,-10.72083619,-11.6464754,-10.26492434,-10.88662232,-105.1239568,-11.4
2j77,-5.49563,-5.94,-8.34,-74.135,-7.43946215971,-7.197881001,-7.805763465,-7.197881001,-7.391298149,-19.76454811,-6.76
1avn,-1.83285,-4.99,-3.22,-7.977,-7.7789625754,-5.277525033,-5.44331116,-5.125554417,-5.277525033,-12.69626348,-5.39
1h23,-9.66911,-11.62,-13.67,-169.719,-10.0208774558,-10.92806885,-11.121486,-9.864274538,-10.63794313,-110.4636715,-11.54
6std,-9.50048,-8.24,-8.62,-102.843,-9.36264854709,-9.491255753,-10.62412762,-9.491255753,-9.864274538,-114.7708525,-11.94
2bz6,-8.09081,-8.62,-9.46,-140.76,-9.38731140444,-8.648509609,-8.745218183,-8.772849204,-8.717587162,-63.73229907,-9.8
7cpa,-8.11603,-7.79,-9.7,-156.18,-9.28273135484,-9.739934943,-11.60502887,-9.629410859,-10.32018639,-69.26325746,-19.29
1vzq,-10.8026,-10.75,-11.8,-171.638,-11.4414755917,-9.781381475,-9.988614133,-9.753750454,-9.850459028,-90.80043418,-10.28
2d0k,-6.96893,-6.52,-6.77,-101.233,-9.02643686079,-8.234044293,-8.828111247,-7.750501423,-8.275490824,-69.29207286,-6.94
1a08,-5.17208,-8.06,-10.47,-109.942,-8.85643492068,-7.43274468,-8.234044293,-7.128803448,-7.598530807,-77.98297971,-7.76
1fkn,-6.95242,-13.9,-15.13,-225.136,-10.9063429228,-10.34781741,-11.86752357,-10.94188436,-11.05240845,-130.0410149,-12.16
1pbq,-7.73995,-8.76,-6.94,-72.56,-7.05586781617,-7.861025507,-8.897188799,-7.999180613,-8.247859803,-68.88973038,-8.66
1fh7,-6.0738,-7.72,-12.33,-99.059,-7.50447336765,-7.598530807,-8.082073676,-7.529453254,-7.736685912,-63.95836631,-7.24
2gss,-4.87328,-4.49,-4.83,-53.719,-7.13731143304,-6.741969152,-7.778132444,-6.769600173,-7.087356916,-54.92071103,-6.82
1fh9,-7.03769,-8.1,-12.65,-104.679,-6.85648506898,-7.93010306,-8.468907972,-7.861025507,-8.082073676,-89.84848858,-8.88
1fh8,-6.74759,-8,-12.21,-103.699,-7.58386432675,-7.543268765,-8.054442655,-7.460375701,-7.68142387,-66.83738594,-9.52
1l2s,-6.31249,-6.59,-5.93,-71.499,-8.25007248272,-6.783415684,-7.695239381,-7.045910385,-7.17024998,-47.44045181,-6.34
1lol,-7.28581,-8.67,-8.37,-90.856,-6.83047619666,-7.197881001,-7.764316934,-7.142618958,-7.363667127,-47.68959401,-8.83
1f4e,-6.47632,-4.95,-3.74,-64.155,-7.47690902408,-7.515637744,-8.068258166,-7.349851617,-7.639977339,-27.12662798,-4.09
1f4g,-8.38567,-9.15,-9.25,-116.685,-8.30364402835,-8.855742268,-9.049159415,-8.220228782,-8.703771652,-69.57397845,-8.95
1f4f,-6.93869,-6.84,-7.13,-85.201,-8.35334015168,-8.068258166,-8.372199398,-7.446560191,-7.957734081,-48.10886633,-6.38
2ctc,-5.68687,-8.14,-6.51,-61.843,-6.7563281203,-7.460375701,-7.902472039,-7.41892917,-7.598530807,-45.54323731,-5.37
1syh,-9.11669,-10.95,-13.64,-116.817,-8.44581821365,-8.510354504,-8.772849204,-8.482723483,-8.593247567,-91.09629431,-8.72
1m0q,-5.59464,-6.82,-7.38,-94.634,-7.02803077418,-7.985365103,-8.372199398,-8.17878225,-8.17878225,-19.45980792,-5.37
1nhu,-6.03019,-5.51,-4.55,-86.551,-10.0075619746,-7.833394486,-9.960983112,-7.557084275,-8.455092461,-85.79263301,-7.82
1m0n,-5.73651,-7.44,-6.8,-86.418,-7.54711241512,-7.902472039,-7.985365103,-7.888656529,-7.91628755,-25.62917549,-3.07
1trd,-4.16625,-6.6,-6.24,-48.161,-8.06641063736,-6.327503836,-6.68670711,-6.216979751,-6.410396899,-32.55544988,-7.46
2c02,-6.09909,-7.02,-7.93,-70.32,-7.45238803361,-6.907755279,-7.087356916,-6.659076089,-6.880124258,-41.59750503,-5.58
1n2v,-5.97037,-7.35,-6.15,-72.596,-6.46097708307,-7.059725895,-7.639977339,-7.156434469,-7.280774064,-44.87397686,-5.64
